0,"inhalte, wangerooge, huangpu, testing, hamburg, author, veranstaltungen, verbandsmagazin, trends, det"
1,"goldenfels, anleger, kreuzfahrten, carboranylenediamine, allgemeine, synonyms, bistro, oct, gemeinsam, indo"
2,"peri, anaesthetic, klima, kapitän, wd, herausforderndes, heidelberg, handelswege, guinea, liner"
3,"gruppen, deutschebahn, com, siw, 002, 20, größter, firm, weg, neueinstellungen"
4,"vergangenen, versatile, flaggenstaatverwaltung, mellom, song, hansa, übersicht, vornehmlich, außenhandeleconomic, atlantis"
5,"2025, carborane, 2026, yiddish, wasserstraßennetz, live, marinebund, wasserwegerecht, music, luxusdampfer"
6,"fleet, detektor, fm, neuberger, cookie, fahrten, essberger, dos, geesthacht, beitrittserklärung"
7,"11, edit, flagge, aufklärungsschiff, peek, ziel, vishnya, original, niedrigwasser, offiziersassistenten"
8,"cyprus, parisien, märz, hd, credits, alsace, wissenswerte, bwv, volume, aktuelle"
9,"german, palatinatebriedernthings, europegermanyrhineland, urteil, market, strategische, gründer, attraktiver, cruise, line"
