0,"zone, associate, hamilton, april, fr, vance, video, tomorrow, timeline, aeon"
1,"rep, form, florida, belt, xai, hate, booz, boring, university, transit"
2,"agreement, worldview, investor, innovator, background, atm, tunnels, tour, legislation, leader"
3,"founder, tony, financial, essays, technology, revenue, self, fox, brain, response"
4,"elonmusk, oct, musk, media, mccollum, gigantic, misinformation, methane, internet, interview"
5,"sec, african, born, americas, kingmaker, trove, unlawful, american, incremental, tumultuous"
6,"anti, elon, ceo, butts, city, showrooms, personal, tariff, strong, fraud"
7,"gov, congress, vegas, autistic, efficiency, look, convention, change, allen, advanced"
8,"secretary, sherrill, creation, age, knowledge, kills, advisor, inner, bass, backlash"
9,"youtu, https, injolt6wdhc, peter, order, candidates, newhouse, latest, sentiment, visionary"
