0,"img, plan, building, planning, low, limit, lengths, inland, keck, informal"
1,"venue, annual, vessel, transition, highway, technology, today, aton, link, goregaon"
2,"wisdom, window, a2z, welcome, marissa, leek, management, months, range, register"
3,"world, westmed, measurement, military, arsenio, biennial, necessary, university, market, regency"
4,"native, non, academy, species, community, viable, oil, shipping, seabed, houston"
5,"2035, wind, largest, knowledge, vancouver, infrastructure, introduction, institute, imt, logistics"
6,"navy, importance, fisheries, mlc, unprecedented, aids, 7th, solar, vice, family"
7,"110th, ability, meetings, basin, money, atlantic, coast, trump, challenges, symposium"
8,"sea, hub, bridgeblacksea, index, 2025, https, php, org, 8am, agenda"
9,"manifold, designation, capital, seminar, san, jul, academic, advisory, administration, air"
