0,"logistik, hafen, verkehrsbetrieb, highlight, konzept, maritimer, moderne, bühne, seenotrettung, arbeit"
1,"adler, koers, kommentare, leavers, introduction, ma, verbundprojekt, azubis, bauer, imo"
2,"22, fachlichen, management, richtig, bremerhaven, abläufe, vocatium, port, meer, expertise"
3,"indd, non, profit, fphasev2, handbuch, jobfactory, arbeitsalltags, ausbildungen, grünen, hotelfach"
4,"schiffsmechaniker, jobs, fischwirt, verwaltungs, krane, köchin, zahlreiche, smm, reedereien, bühnenbildner"
5,"ausbildung, berufe, eldena, praktikum, sh, mehrjähriger, women, verschiedenen, vernetzung, ende"
6,"frau, beruf, hotelfachmann, die, 90, agentur, ausbildungsaktionen, anzeigen, anwendungen, aktuelle"
7,"27, 2k, gilles, aufmerksam, werften, verschieden, vielseitigen, hafenlogistik, halligan, mar"
8,"20, 2023, innen, 09, lehrer, historical, environmental, forschung, homburg, hoher"
9,"courses, aktien, vormittag, zukunft, jürgen, wsa, leinen, technik, teams, studieninteressierte"
