0,"qualitätskontrolle, 25, zuge, verfahren, manual, arlindo, vorbehalt, unternehmen, umwelt, laborgeräten"
1,"landwirtschaft, welt, uber, kontrollsysteme, materialien, massenproduktion, markttrends, anzeiger, vg, agb"
2,"zuordnung, kolar, luftwaffe, besser, verde, stadt, der, service, compliance, spatial"
3,"gmbh, 35, achtziger, zulassung, aktuelle, zlínský, lifizierung, managing, irene, austria"
4,"bau, trends, com, blog, 2019, https, innovation, lead, www, minerale"
5,"16949, 2016, backorder, sk, angaben, berufliches, bereichen, wachstumsmultiplikator, arbeit, gxp"
6,"qualifizierung, requalifizierung, bild, ausbildung, land, kunststoff, unzähligen, digitale, dynamischen, einrichtungen"
7,"10, april, agomwbw, ams, anforderungen, akademie, antrag, vorstöße, valid, bericht"
8,"metallbälge, pdf, airlines, beschäftigten, alter, alten, bereiche, supplier, team, speziell"
9,"maßgeschneiderte, größten, treffpunkt, lieferantenmanagement, vertretern, anlagenerneuerung, material, kündigungsschutz, hygienebeauftragte, spezielle"
