Kategorie,Wert
Meta-Title,"https://dmz-maritim.de/handlungsfelder/ - dmz, maritime"
Meta-Description,"Aktuelle Themen: dmz, maritime, zentrum. Jetzt mehr entdecken!"
Meta-Qualitäts-Score,3/4
Meta-Länge,Meta-Description Länge 62 Zeichen (optimal: 130-160).
Intent: dmz,Informational
Intent: maritime,Informational
Intent: zentrum,Informational
Intent: handlungsfelder,Informational
Intent: deutsches,Informational
Intent: maritimes,Informational
Intent: branche,Informational
Intent: deutsche,Informational
Intent: maritimen,Informational
Intent: e.v.,Informational
Intent: schifffahrt,Informational
Intent: deutschland,Informational
Intent: wirtschaft,Informational
Intent: feb,Informational
Intent: studie,Informational
Intent: team,Informational
Intent: e,Informational
Intent: mail,Informational
Intent: at,Informational
Intent: mar,Informational
Intent: jun,Informational
Intent: telefon,Informational
Intent: maritim.de.,Informational
Intent: deutschen,Informational
Intent: maritim,Informational
Intent: logistik,Informational
Intent: themen,Informational
Intent: projekte,Informational
Intent: bundesregierung,Informational
Intent: may,Informational
Intent: 25,Informational
Intent: talente,Informational
Intent: nachhaltigen,Informational
Intent: dec,Informational
Intent: maritimer,Informational
Intent: 29,Informational
Intent: oct,Informational
Intent: 20,Informational
Intent: presse,Informational
Intent: 19,Informational
Intent: 2024,Informational
Intent: sep,Informational
Intent: plump,Informational
Intent: runa,Informational
Intent: jörgens,Informational
Intent: 2023,Informational
Intent: maritim.de,Informational
Intent: nationale,Informational
Intent: industrie,Informational
Intent: sicherheit,Informational
Content: dmz,Blogartikel oder Ratgeber-Seite
Content: maritime,Blogartikel oder Ratgeber-Seite
Content: zentrum,Blogartikel oder Ratgeber-Seite
Content: handlungsfelder,Blogartikel oder Ratgeber-Seite
Content: deutsches,Blogartikel oder Ratgeber-Seite
Content: maritimes,Blogartikel oder Ratgeber-Seite
Content: branche,Blogartikel oder Ratgeber-Seite
Content: deutsche,Blogartikel oder Ratgeber-Seite
Content: maritimen,Blogartikel oder Ratgeber-Seite
Content: e.v.,Blogartikel oder Ratgeber-Seite
Content: schifffahrt,Blogartikel oder Ratgeber-Seite
Content: deutschland,Blogartikel oder Ratgeber-Seite
Content: wirtschaft,Blogartikel oder Ratgeber-Seite
Content: feb,Blogartikel oder Ratgeber-Seite
Content: studie,Blogartikel oder Ratgeber-Seite
Content: team,Blogartikel oder Ratgeber-Seite
Content: e,Blogartikel oder Ratgeber-Seite
Content: mail,Blogartikel oder Ratgeber-Seite
Content: at,Blogartikel oder Ratgeber-Seite
Content: mar,Blogartikel oder Ratgeber-Seite
Content: jun,Blogartikel oder Ratgeber-Seite
Content: telefon,Blogartikel oder Ratgeber-Seite
Content: maritim.de.,Blogartikel oder Ratgeber-Seite
Content: deutschen,Blogartikel oder Ratgeber-Seite
Content: maritim,Blogartikel oder Ratgeber-Seite
Content: logistik,Blogartikel oder Ratgeber-Seite
Content: themen,Blogartikel oder Ratgeber-Seite
Content: projekte,Blogartikel oder Ratgeber-Seite
Content: bundesregierung,Blogartikel oder Ratgeber-Seite
Content: may,Blogartikel oder Ratgeber-Seite
Content: 25,Blogartikel oder Ratgeber-Seite
Content: talente,Blogartikel oder Ratgeber-Seite
Content: nachhaltigen,Blogartikel oder Ratgeber-Seite
Content: dec,Blogartikel oder Ratgeber-Seite
Content: maritimer,Blogartikel oder Ratgeber-Seite
Content: 29,Blogartikel oder Ratgeber-Seite
Content: oct,Blogartikel oder Ratgeber-Seite
Content: 20,Blogartikel oder Ratgeber-Seite
Content: presse,Blogartikel oder Ratgeber-Seite
Content: 19,Blogartikel oder Ratgeber-Seite
Content: 2024,Blogartikel oder Ratgeber-Seite
Content: sep,Blogartikel oder Ratgeber-Seite
Content: plump,Blogartikel oder Ratgeber-Seite
Content: runa,Blogartikel oder Ratgeber-Seite
Content: jörgens,Blogartikel oder Ratgeber-Seite
Content: 2023,Blogartikel oder Ratgeber-Seite
Content: maritim.de,Blogartikel oder Ratgeber-Seite
Content: nationale,Blogartikel oder Ratgeber-Seite
Content: industrie,Blogartikel oder Ratgeber-Seite
Content: sicherheit,Blogartikel oder Ratgeber-Seite
SERP-Feature: Featured Snippet,67
SERP-Feature: People Also Ask,0
SERP-Feature: Sitelinks,0
SERP-Feature: Knowledge Panel,0
Konkurrenz: dmz-maritim.de,29 Treffer (38.16%)
Konkurrenz: niedersachsen.de,2 Treffer (2.63%)
Konkurrenz: bund.de,2 Treffer (2.63%)
Konkurrenz: hamburg-business.com,1 Treffer (1.32%)
Konkurrenz: maritimes-cluster.de,1 Treffer (1.32%)
Konkurrenz: linkedin.com,1 Treffer (1.32%)
Konkurrenz: stepstone.de,1 Treffer (1.32%)
Konkurrenz: bmwk.de,1 Treffer (1.32%)
Konkurrenz: dechema.de,1 Treffer (1.32%)
Konkurrenz: baw.de,1 Treffer (1.32%)
Konkurrenz: h2-uckermark-barnim.de,1 Treffer (1.32%)
Konkurrenz: bundestag.de,1 Treffer (1.32%)
Konkurrenz: hamburg.de,1 Treffer (1.32%)
Konkurrenz: bremen.de,1 Treffer (1.32%)
Konkurrenz: stiftungsprojekt-kapitalmarktunion.de,1 Treffer (1.32%)
Konkurrenz: uni-bremen.de,1 Treffer (1.32%)
Konkurrenz: hy.land,1 Treffer (1.32%)
Konkurrenz: now-gmbh.de,1 Treffer (1.32%)
Konkurrenz: reederverband.de,1 Treffer (1.32%)
Konkurrenz: hs-hannover.de,1 Treffer (1.32%)
Konkurrenz: nautischer-verein-cuxhaven.de,1 Treffer (1.32%)
Konkurrenz: bundesbericht-forschung-innovation.de,1 Treffer (1.32%)
Konkurrenz: zds-seehaefen.de,1 Treffer (1.32%)
Konkurrenz: bmbf.de,1 Treffer (1.32%)
Konkurrenz: oiltanking.com,1 Treffer (1.32%)
Konkurrenz: museumsbund.de,1 Treffer (1.32%)
Konkurrenz: lbbw.de,1 Treffer (1.32%)
Konkurrenz: schleswig-holstein.de,1 Treffer (1.32%)
Konkurrenz: cae.com,1 Treffer (1.32%)
Konkurrenz: afcea.de,1 Treffer (1.32%)
Konkurrenz: jadeweserport.de,1 Treffer (1.32%)
Konkurrenz: vsm.de,1 Treffer (1.32%)
Konkurrenz: drv-events.de,1 Treffer (1.32%)
Konkurrenz: thuenen.de,1 Treffer (1.32%)
Konkurrenz: wordpress.com,1 Treffer (1.32%)
Konkurrenz: nok21.de,1 Treffer (1.32%)
Konkurrenz: hnu.de,1 Treffer (1.32%)
Konkurrenz: hardthoehenkurier.de,1 Treffer (1.32%)
Konkurrenz: werkstattgeschichte.de,1 Treffer (1.32%)
Konkurrenz: htw-berlin.de,1 Treffer (1.32%)
Konkurrenz: bildungsurlaub.de,1 Treffer (1.32%)
Konkurrenz: fh-muenster.de,1 Treffer (1.32%)
Konkurrenz: dwhg-ev.com,1 Treffer (1.32%)
Konkurrenz: tum.de,1 Treffer (1.32%)
Konkurrenz: messekurier.de,1 Treffer (1.32%)
Konkurrenz: firmenpresse.de,1 Treffer (1.32%)
SEO-Schwierigkeits-Score,70/100
